[{"id":1,"name":"deepak sahu","email":"deepaksahu14502@gmail.com","email_verified_at":null,"created_at":"2022-05-15T04:07:32.000000Z","updated_at":"2022-05-16T06:09:14.000000Z","role_as":null},{"id":2,"name":"shivam sahu","email":"s@gmail.com","email_verified_at":null,"created_at":"2022-05-15T04:36:30.000000Z","updated_at":"2022-05-16T06:09:31.000000Z","role_as":1},{"id":6,"name":"Set","email":"ser@gmail.com","email_verified_at":null,"created_at":"2022-05-15T05:50:39.000000Z","updated_at":"2022-05-16T06:27:36.000000Z","role_as":1},{"id":7,"name":"admin","email":"admin@gmail.com","email_verified_at":null,"created_at":"2022-05-15T05:55:01.000000Z","updated_at":"2022-05-15T05:55:01.000000Z","role_as":0},{"id":8,"name":"admin","email":"rr@gmail.com","email_verified_at":null,"created_at":"2022-05-15T05:57:30.000000Z","updated_at":"2022-05-15T05:57:30.000000Z","role_as":1},{"id":9,"name":"admin","email":"sahu14502@gmail.com","email_verified_at":null,"created_at":"2022-05-15T09:48:22.000000Z","updated_at":"2022-05-15T09:48:22.000000Z","role_as":0},{"id":10,"name":"seela","email":"seela@gmail.com","email_verified_at":"2022-05-15T15:29:56.000000Z","created_at":"2022-05-15T09:59:56.000000Z","updated_at":"2022-05-15T09:59:56.000000Z","role_as":1},{"id":11,"name":"gen","email":"gen@gmail.com","email_verified_at":"2022-05-15T15:34:17.000000Z","created_at":"2022-05-15T10:04:17.000000Z","updated_at":"2022-05-15T10:04:17.000000Z","role_as":null},{"id":12,"name":"DEEPAK SAHU","email":"ts@gmail.com","email_verified_at":"2022-05-16T07:05:08.000000Z","created_at":"2022-05-16T01:35:08.000000Z","updated_at":"2022-05-16T01:35:08.000000Z","role_as":1},{"id":13,"name":"deep","email":"de@gmail.com","email_verified_at":"2022-05-16T13:31:56.000000Z","created_at":"2022-05-16T08:01:56.000000Z","updated_at":"2022-05-16T08:01:56.000000Z","role_as":1}]